date,AAPL,AMGN,AXP,BA,CAT,CRM,CSCO,CVX,DIS,GS,HD,HON,IBM,INTC,JNJ,JPM,KO,MCD,MMM,MRK,MSFT,NKE,PG,TRV,UNH,V,VZ,WBA,WMT
2024-01-02,0.034482758620689655,0.034482758620689655,0.034482758620689655,0.034482758620689655,0.034482758620689655,0.034482758620689655,0.034482758620689655,0.034482758620689655,0.034482758620689655,0.034482758620689655,0.034482758620689655,0.034482758620689655,0.034482758620689655,0.034482758620689655,0.034482758620689655,0.034482758620689655,0.034482758620689655,0.034482758620689655,0.034482758620689655,0.034482758620689655,0.034482758620689655,0.034482758620689655,0.034482758620689655,0.034482758620689655,0.034482758620689655,0.034482758620689655,0.034482758620689655,0.034482758620689655,0.034482758620689655
2024-01-03,0.023636717349290848,0.023636717349290848,0.023636717349290848,0.023636717349290848,0.023636717349290848,0.03035689890384674,0.023636717349290848,0.023636717349290848,0.06425125896930695,0.023636717349290848,0.023636717349290848,0.03187961131334305,0.023636717349290848,0.05678737163543701,0.023636717349290848,0.05197306349873543,0.03980439528822899,0.06425125896930695,0.023636717349290848,0.06425125896930695,0.024343453347682953,0.06425125896930695,0.06425125896930695,0.03107924945652485,0.023636717349290848,0.023636717349290848,0.023636717349290848,0.034332092851400375,0.023636717349290848
2024-01-04,0.023636717349290848,0.023636717349290848,0.023636717349290848,0.023636717349290848,0.023636717349290848,0.03035689890384674,0.023636717349290848,0.023636717349290848,0.06425125896930695,0.023636717349290848,0.023636717349290848,0.03187961131334305,0.023636717349290848,0.05678737163543701,0.023636717349290848,0.05197306349873543,0.03980439528822899,0.06425125896930695,0.023636717349290848,0.06425125896930695,0.024343453347682953,0.06425125896930695,0.06425125896930695,0.03107924945652485,0.023636717349290848,0.023636717349290848,0.023636717349290848,0.034332092851400375,0.023636717349290848
2024-01-05,0.023636717349290848,0.023636717349290848,0.023636717349290848,0.023636717349290848,0.023636717349290848,0.03035689890384674,0.023636717349290848,0.023636717349290848,0.06425125896930695,0.023636717349290848,0.023636717349290848,0.03187961131334305,0.023636717349290848,0.05678737163543701,0.023636717349290848,0.05197306349873543,0.03980439528822899,0.06425125896930695,0.023636717349290848,0.06425125896930695,0.024343453347682953,0.06425125896930695,0.06425125896930695,0.03107924945652485,0.023636717349290848,0.023636717349290848,0.023636717349290848,0.034332092851400375,0.023636717349290848
2024-01-08,0.023636717349290848,0.023636717349290848,0.023636717349290848,0.023636717349290848,0.023636717349290848,0.03035689890384674,0.023636717349290848,0.023636717349290848,0.06425125896930695,0.023636717349290848,0.023636717349290848,0.03187961131334305,0.023636717349290848,0.05678737163543701,0.023636717349290848,0.05197306349873543,0.03980439528822899,0.06425125896930695,0.023636717349290848,0.06425125896930695,0.024343453347682953,0.06425125896930695,0.06425125896930695,0.03107924945652485,0.023636717349290848,0.023636717349290848,0.023636717349290848,0.034332092851400375,0.023636717349290848
2024-01-09,0.023636717349290848,0.023636717349290848,0.023636717349290848,0.023636717349290848,0.023636717349290848,0.03035689890384674,0.023636717349290848,0.023636717349290848,0.06425125896930695,0.023636717349290848,0.023636717349290848,0.03187961131334305,0.023636717349290848,0.05678737163543701,0.023636717349290848,0.05197306349873543,0.03980439528822899,0.06425125896930695,0.023636717349290848,0.06425125896930695,0.024343453347682953,0.06425125896930695,0.06425125896930695,0.03107924945652485,0.023636717349290848,0.023636717349290848,0.023636717349290848,0.034332092851400375,0.023636717349290848
2024-01-10,0.02363584004342556,0.02363584004342556,0.02363584004342556,0.02363584004342556,0.02363584004342556,0.030358564108610153,0.02363584004342556,0.02363584004342556,0.06424888223409653,0.02363584004342556,0.02363584004342556,0.031874824315309525,0.02363584004342556,0.05680197849869728,0.02363584004342556,0.05198598653078079,0.039809700101614,0.06424888223409653,0.02363584004342556,0.06424888223409653,0.024348054081201553,0.06424888223409653,0.06424888223409653,0.031074054539203644,0.02363584004342556,0.02363584004342556,0.02363584004342556,0.034328997135162354,0.02363584004342556
2024-01-11,0.023636717349290848,0.023636717349290848,0.023636717349290848,0.023636717349290848,0.023636717349290848,0.03035689890384674,0.023636717349290848,0.023636717349290848,0.06425125896930695,0.023636717349290848,0.023636717349290848,0.03187961131334305,0.023636717349290848,0.05678737163543701,0.023636717349290848,0.05197306349873543,0.03980439528822899,0.06425125896930695,0.023636717349290848,0.06425125896930695,0.024343453347682953,0.06425125896930695,0.06425125896930695,0.03107924945652485,0.023636717349290848,0.023636717349290848,0.023636717349290848,0.034332092851400375,0.023636717349290848
2024-01-12,0.023636717349290848,0.023636717349290848,0.023636717349290848,0.023636717349290848,0.023636717349290848,0.03035689890384674,0.023636717349290848,0.023636717349290848,0.06425125896930695,0.023636717349290848,0.023636717349290848,0.03187961131334305,0.023636717349290848,0.05678737163543701,0.023636717349290848,0.05197306349873543,0.03980439528822899,0.06425125896930695,0.023636717349290848,0.06425125896930695,0.024343453347682953,0.06425125896930695,0.06425125896930695,0.03107924945652485,0.023636717349290848,0.023636717349290848,0.023636717349290848,0.034332092851400375,0.023636717349290848
2024-01-16,0.023636717349290848,0.023636717349290848,0.023636717349290848,0.023636717349290848,0.023636717349290848,0.03035689890384674,0.023636717349290848,0.023636717349290848,0.06425125896930695,0.023636717349290848,0.023636717349290848,0.03187961131334305,0.023636717349290848,0.05678737163543701,0.023636717349290848,0.05197306349873543,0.03980439528822899,0.06425125896930695,0.023636717349290848,0.06425125896930695,0.024343453347682953,0.06425125896930695,0.06425125896930695,0.03107924945652485,0.023636717349290848,0.023636717349290848,0.023636717349290848,0.034332092851400375,0.023636717349290848
2024-01-17,0.023419274017214775,0.023419274017214775,0.023419274017214775,0.023419274017214775,0.023419274017214775,0.03085486963391304,0.023419274017214775,0.023419274017214775,0.06366018950939178,0.023419274017214775,0.023419274017214775,0.03061854839324951,0.023419274017214775,0.060309313237667084,0.023419274017214775,0.05530921369791031,0.040900010615587234,0.06366018950939178,0.023419274017214775,0.06366018950939178,0.025567401200532913,0.06366018950939178,0.06366018950939178,0.029834860935807228,0.023419274017214775,0.023419274017214775,0.023419274017214775,0.03359641879796982,0.023419274017214775
2024-01-18,0.023419087752699852,0.023419087752699852,0.023419087752699852,0.023419087752699852,0.023419087752699852,0.030855296179652214,0.023419087752699852,0.023419087752699852,0.0636596828699112,0.023419087752699852,0.023419087752699852,0.03061746247112751,0.023419087752699852,0.060312189161777496,0.023419087752699852,0.05531229451298714,0.04090069979429245,0.0636596828699112,0.023419087752699852,0.0636596828699112,0.02556845173239708,0.0636596828699112,0.0636596828699112,0.029833903536200523,0.023419087752699852,0.023419087752699852,0.023419087752699852,0.03359583765268326,0.023419087752699852
2024-01-19,0.023419087752699852,0.023419087752699852,0.023419087752699852,0.023419087752699852,0.023419087752699852,0.030855296179652214,0.023419087752699852,0.023419087752699852,0.0636596828699112,0.023419087752699852,0.023419087752699852,0.03061746247112751,0.023419087752699852,0.060312189161777496,0.023419087752699852,0.05531229451298714,0.04090069979429245,0.0636596828699112,0.023419087752699852,0.0636596828699112,0.02556845173239708,0.0636596828699112,0.0636596828699112,0.029833903536200523,0.023419087752699852,0.023419087752699852,0.023419087752699852,0.03359583765268326,0.023419087752699852
2024-01-22,0.023636717349290848,0.023636717349290848,0.023636717349290848,0.023636717349290848,0.023636717349290848,0.03035689890384674,0.023636717349290848,0.023636717349290848,0.06425125896930695,0.023636717349290848,0.023636717349290848,0.03187961131334305,0.023636717349290848,0.05678737163543701,0.023636717349290848,0.05197306349873543,0.03980439528822899,0.06425125896930695,0.023636717349290848,0.06425125896930695,0.024343453347682953,0.06425125896930695,0.06425125896930695,0.03107924945652485,0.023636717349290848,0.023636717349290848,0.023636717349290848,0.034332092851400375,0.023636717349290848
2024-01-23,0.023636717349290848,0.023636717349290848,0.023636717349290848,0.023636717349290848,0.023636717349290848,0.03035689890384674,0.023636717349290848,0.023636717349290848,0.06425125896930695,0.023636717349290848,0.023636717349290848,0.03187961131334305,0.023636717349290848,0.05678737163543701,0.023636717349290848,0.05197306349873543,0.03980439528822899,0.06425125896930695,0.023636717349290848,0.06425125896930695,0.024343453347682953,0.06425125896930695,0.06425125896930695,0.03107924945652485,0.023636717349290848,0.023636717349290848,0.023636717349290848,0.034332092851400375,0.023636717349290848
2024-01-24,0.023419087752699852,0.023419087752699852,0.023419087752699852,0.023419087752699852,0.023419087752699852,0.030855296179652214,0.023419087752699852,0.023419087752699852,0.0636596828699112,0.023419087752699852,0.023419087752699852,0.03061746247112751,0.023419087752699852,0.060312189161777496,0.023419087752699852,0.05531229451298714,0.04090069979429245,0.0636596828699112,0.023419087752699852,0.0636596828699112,0.02556845173239708,0.0636596828699112,0.0636596828699112,0.029833903536200523,0.023419087752699852,0.023419087752699852,0.023419087752699852,0.03359583765268326,0.023419087752699852
2024-01-25,0.023419087752699852,0.023419087752699852,0.023419087752699852,0.023419087752699852,0.023419087752699852,0.030855296179652214,0.023419087752699852,0.023419087752699852,0.0636596828699112,0.023419087752699852,0.023419087752699852,0.03061746247112751,0.023419087752699852,0.060312189161777496,0.023419087752699852,0.05531229451298714,0.04090069979429245,0.0636596828699112,0.023419087752699852,0.0636596828699112,0.02556845173239708,0.0636596828699112,0.0636596828699112,0.029833903536200523,0.023419087752699852,0.023419087752699852,0.023419087752699852,0.03359583765268326,0.023419087752699852
2024-01-26,0.023419087752699852,0.023419087752699852,0.023419087752699852,0.023419087752699852,0.023419087752699852,0.030855296179652214,0.023419087752699852,0.023419087752699852,0.0636596828699112,0.023419087752699852,0.023419087752699852,0.03061746247112751,0.023419087752699852,0.060312189161777496,0.023419087752699852,0.05531229451298714,0.04090069979429245,0.0636596828699112,0.023419087752699852,0.0636596828699112,0.02556845173239708,0.0636596828699112,0.0636596828699112,0.029833903536200523,0.023419087752699852,0.023419087752699852,0.023419087752699852,0.03359583765268326,0.023419087752699852
2024-01-29,0.023419087752699852,0.023419087752699852,0.023419087752699852,0.023419087752699852,0.023419087752699852,0.030855296179652214,0.023419087752699852,0.023419087752699852,0.0636596828699112,0.023419087752699852,0.023419087752699852,0.03061746247112751,0.023419087752699852,0.060312189161777496,0.023419087752699852,0.05531229451298714,0.04090069979429245,0.0636596828699112,0.023419087752699852,0.0636596828699112,0.02556845173239708,0.0636596828699112,0.0636596828699112,0.029833903536200523,0.023419087752699852,0.023419087752699852,0.023419087752699852,0.03359583765268326,0.023419087752699852
2024-01-30,0.023419087752699852,0.023419087752699852,0.023419087752699852,0.023419087752699852,0.023419087752699852,0.030855296179652214,0.023419087752699852,0.023419087752699852,0.0636596828699112,0.023419087752699852,0.023419087752699852,0.03061746247112751,0.023419087752699852,0.060312189161777496,0.023419087752699852,0.05531229451298714,0.04090069979429245,0.0636596828699112,0.023419087752699852,0.0636596828699112,0.02556845173239708,0.0636596828699112,0.0636596828699112,0.029833903536200523,0.023419087752699852,0.023419087752699852,0.023419087752699852,0.03359583765268326,0.023419087752699852
2024-01-31,0.023419087752699852,0.023419087752699852,0.023419087752699852,0.023419087752699852,0.023419087752699852,0.030855296179652214,0.023419087752699852,0.023419087752699852,0.0636596828699112,0.023419087752699852,0.023419087752699852,0.03061746247112751,0.023419087752699852,0.060312189161777496,0.023419087752699852,0.05531229451298714,0.04090069979429245,0.0636596828699112,0.023419087752699852,0.0636596828699112,0.02556845173239708,0.0636596828699112,0.0636596828699112,0.029833903536200523,0.023419087752699852,0.023419087752699852,0.023419087752699852,0.03359583765268326,0.023419087752699852
2024-02-01,0.023419087752699852,0.023419087752699852,0.023419087752699852,0.023419087752699852,0.023419087752699852,0.030855296179652214,0.023419087752699852,0.023419087752699852,0.0636596828699112,0.023419087752699852,0.023419087752699852,0.03061746247112751,0.023419087752699852,0.060312189161777496,0.023419087752699852,0.05531229451298714,0.04090069979429245,0.0636596828699112,0.023419087752699852,0.0636596828699112,0.02556845173239708,0.0636596828699112,0.0636596828699112,0.029833903536200523,0.023419087752699852,0.023419087752699852,0.023419087752699852,0.03359583765268326,0.023419087752699852
2024-02-02,0.023419087752699852,0.023419087752699852,0.023419087752699852,0.023419087752699852,0.023419087752699852,0.030855296179652214,0.023419087752699852,0.023419087752699852,0.0636596828699112,0.023419087752699852,0.023419087752699852,0.03061746247112751,0.023419087752699852,0.060312189161777496,0.023419087752699852,0.05531229451298714,0.04090069979429245,0.0636596828699112,0.023419087752699852,0.0636596828699112,0.02556845173239708,0.0636596828699112,0.0636596828699112,0.029833903536200523,0.023419087752699852,0.023419087752699852,0.023419087752699852,0.03359583765268326,0.023419087752699852
2024-02-05,0.023419087752699852,0.023419087752699852,0.023419087752699852,0.023419087752699852,0.023419087752699852,0.030855296179652214,0.023419087752699852,0.023419087752699852,0.0636596828699112,0.023419087752699852,0.023419087752699852,0.03061746247112751,0.023419087752699852,0.060312189161777496,0.023419087752699852,0.05531229451298714,0.04090069979429245,0.0636596828699112,0.023419087752699852,0.0636596828699112,0.02556845173239708,0.0636596828699112,0.0636596828699112,0.029833903536200523,0.023419087752699852,0.023419087752699852,0.023419087752699852,0.03359583765268326,0.023419087752699852
2024-02-06,0.023419087752699852,0.023419087752699852,0.023419087752699852,0.023419087752699852,0.023419087752699852,0.030855296179652214,0.023419087752699852,0.023419087752699852,0.0636596828699112,0.023419087752699852,0.023419087752699852,0.03061746247112751,0.023419087752699852,0.060312189161777496,0.023419087752699852,0.05531229451298714,0.04090069979429245,0.0636596828699112,0.023419087752699852,0.0636596828699112,0.02556845173239708,0.0636596828699112,0.0636596828699112,0.029833903536200523,0.023419087752699852,0.023419087752699852,0.023419087752699852,0.03359583765268326,0.023419087752699852
2024-02-07,0.023419087752699852,0.023419087752699852,0.023419087752699852,0.023419087752699852,0.023419087752699852,0.030855296179652214,0.023419087752699852,0.023419087752699852,0.0636596828699112,0.023419087752699852,0.023419087752699852,0.03061746247112751,0.023419087752699852,0.060312189161777496,0.023419087752699852,0.05531229451298714,0.04090069979429245,0.0636596828699112,0.023419087752699852,0.0636596828699112,0.02556845173239708,0.0636596828699112,0.0636596828699112,0.029833903536200523,0.023419087752699852,0.023419087752699852,0.023419087752699852,0.03359583765268326,0.023419087752699852
2024-02-08,0.023419087752699852,0.023419087752699852,0.023419087752699852,0.023419087752699852,0.023419087752699852,0.030855296179652214,0.023419087752699852,0.023419087752699852,0.0636596828699112,0.023419087752699852,0.023419087752699852,0.03061746247112751,0.023419087752699852,0.060312189161777496,0.023419087752699852,0.05531229451298714,0.04090069979429245,0.0636596828699112,0.023419087752699852,0.0636596828699112,0.02556845173239708,0.0636596828699112,0.0636596828699112,0.029833903536200523,0.023419087752699852,0.023419087752699852,0.023419087752699852,0.03359583765268326,0.023419087752699852
2024-02-09,0.023419087752699852,0.023419087752699852,0.023419087752699852,0.023419087752699852,0.023419087752699852,0.030855296179652214,0.023419087752699852,0.023419087752699852,0.0636596828699112,0.023419087752699852,0.023419087752699852,0.03061746247112751,0.023419087752699852,0.060312189161777496,0.023419087752699852,0.05531229451298714,0.04090069979429245,0.0636596828699112,0.023419087752699852,0.0636596828699112,0.02556845173239708,0.0636596828699112,0.0636596828699112,0.029833903536200523,0.023419087752699852,0.023419087752699852,0.023419087752699852,0.03359583765268326,0.023419087752699852
2024-02-12,0.023419087752699852,0.023419087752699852,0.023419087752699852,0.023419087752699852,0.023419087752699852,0.030855296179652214,0.023419087752699852,0.023419087752699852,0.0636596828699112,0.023419087752699852,0.023419087752699852,0.03061746247112751,0.023419087752699852,0.060312189161777496,0.023419087752699852,0.05531229451298714,0.04090069979429245,0.0636596828699112,0.023419087752699852,0.0636596828699112,0.02556845173239708,0.0636596828699112,0.0636596828699112,0.029833903536200523,0.023419087752699852,0.023419087752699852,0.023419087752699852,0.03359583765268326,0.023419087752699852
2024-02-13,0.023419087752699852,0.023419087752699852,0.023419087752699852,0.023419087752699852,0.023419087752699852,0.030855296179652214,0.023419087752699852,0.023419087752699852,0.0636596828699112,0.023419087752699852,0.023419087752699852,0.03061746247112751,0.023419087752699852,0.060312189161777496,0.023419087752699852,0.05531229451298714,0.04090069979429245,0.0636596828699112,0.023419087752699852,0.0636596828699112,0.02556845173239708,0.0636596828699112,0.0636596828699112,0.029833903536200523,0.023419087752699852,0.023419087752699852,0.023419087752699852,0.03359583765268326,0.023419087752699852
2024-02-14,0.023419087752699852,0.023419087752699852,0.023419087752699852,0.023419087752699852,0.023419087752699852,0.030855296179652214,0.023419087752699852,0.023419087752699852,0.0636596828699112,0.023419087752699852,0.023419087752699852,0.03061746247112751,0.023419087752699852,0.060312189161777496,0.023419087752699852,0.05531229451298714,0.04090069979429245,0.0636596828699112,0.023419087752699852,0.0636596828699112,0.02556845173239708,0.0636596828699112,0.0636596828699112,0.029833903536200523,0.023419087752699852,0.023419087752699852,0.023419087752699852,0.03359583765268326,0.023419087752699852
2024-02-15,0.023419089615345,0.023419089615345,0.023419089615345,0.023419089615345,0.023419089615345,0.03085530549287796,0.023419089615345,0.023419089615345,0.06365969032049179,0.023419089615345,0.023419089615345,0.030617468059062958,0.023419089615345,0.060312189161777496,0.023419089615345,0.05531230568885803,0.040900714695453644,0.06365969032049179,0.023419089615345,0.06365969032049179,0.025568459182977676,0.06365969032049179,0.06365969032049179,0.029833901673555374,0.023419089615345,0.023419089615345,0.023419089615345,0.03359583020210266,0.023419089615345
2024-02-16,0.023419087752699852,0.023419087752699852,0.023419087752699852,0.023419087752699852,0.023419087752699852,0.030855296179652214,0.023419087752699852,0.023419087752699852,0.0636596828699112,0.023419087752699852,0.023419087752699852,0.03061746247112751,0.023419087752699852,0.060312189161777496,0.023419087752699852,0.05531229451298714,0.04090069979429245,0.0636596828699112,0.023419087752699852,0.0636596828699112,0.02556845173239708,0.0636596828699112,0.0636596828699112,0.029833903536200523,0.023419087752699852,0.023419087752699852,0.023419087752699852,0.03359583765268326,0.023419087752699852
2024-02-20,0.023419087752699852,0.023419087752699852,0.023419087752699852,0.023419087752699852,0.023419087752699852,0.030855296179652214,0.023419087752699852,0.023419087752699852,0.0636596828699112,0.023419087752699852,0.023419087752699852,0.03061746247112751,0.023419087752699852,0.060312189161777496,0.023419087752699852,0.05531229451298714,0.04090069979429245,0.0636596828699112,0.023419087752699852,0.0636596828699112,0.02556845173239708,0.0636596828699112,0.0636596828699112,0.029833903536200523,0.023419087752699852,0.023419087752699852,0.023419087752699852,0.03359583765268326,0.023419087752699852
2024-02-21,0.023419087752699852,0.023419087752699852,0.023419087752699852,0.023419087752699852,0.023419087752699852,0.030855296179652214,0.023419087752699852,0.023419087752699852,0.0636596828699112,0.023419087752699852,0.023419087752699852,0.03061746247112751,0.023419087752699852,0.060312189161777496,0.023419087752699852,0.05531229451298714,0.04090069979429245,0.0636596828699112,0.023419087752699852,0.0636596828699112,0.02556845173239708,0.0636596828699112,0.0636596828699112,0.029833903536200523,0.023419087752699852,0.023419087752699852,0.023419087752699852,0.03359583765268326,0.023419087752699852
2024-02-22,0.023419087752699852,0.023419087752699852,0.023419087752699852,0.023419087752699852,0.023419087752699852,0.030855296179652214,0.023419087752699852,0.023419087752699852,0.0636596828699112,0.023419087752699852,0.023419087752699852,0.03061746247112751,0.023419087752699852,0.060312189161777496,0.023419087752699852,0.05531229451298714,0.04090069979429245,0.0636596828699112,0.023419087752699852,0.0636596828699112,0.02556845173239708,0.0636596828699112,0.0636596828699112,0.029833903536200523,0.023419087752699852,0.023419087752699852,0.023419087752699852,0.03359583765268326,0.023419087752699852
2024-02-23,0.023419087752699852,0.023419087752699852,0.023419087752699852,0.023419087752699852,0.023419087752699852,0.030855296179652214,0.023419087752699852,0.023419087752699852,0.0636596828699112,0.023419087752699852,0.023419087752699852,0.03061746247112751,0.023419087752699852,0.060312189161777496,0.023419087752699852,0.05531229451298714,0.04090069979429245,0.0636596828699112,0.023419087752699852,0.0636596828699112,0.02556845173239708,0.0636596828699112,0.0636596828699112,0.029833903536200523,0.023419087752699852,0.023419087752699852,0.023419087752699852,0.03359583765268326,0.023419087752699852
2024-02-26,0.023419087752699852,0.023419087752699852,0.023419087752699852,0.023419087752699852,0.023419087752699852,0.030855296179652214,0.023419087752699852,0.023419087752699852,0.0636596828699112,0.023419087752699852,0.023419087752699852,0.03061746247112751,0.023419087752699852,0.060312189161777496,0.023419087752699852,0.05531229451298714,0.04090069979429245,0.0636596828699112,0.023419087752699852,0.0636596828699112,0.02556845173239708,0.0636596828699112,0.0636596828699112,0.029833903536200523,0.023419087752699852,0.023419087752699852,0.023419087752699852,0.03359583765268326,0.023419087752699852
2024-02-27,0.023419087752699852,0.023419087752699852,0.023419087752699852,0.023419087752699852,0.023419087752699852,0.030855296179652214,0.023419087752699852,0.023419087752699852,0.0636596828699112,0.023419087752699852,0.023419087752699852,0.03061746247112751,0.023419087752699852,0.060312189161777496,0.023419087752699852,0.05531229451298714,0.04090069979429245,0.0636596828699112,0.023419087752699852,0.0636596828699112,0.02556845173239708,0.0636596828699112,0.0636596828699112,0.029833903536200523,0.023419087752699852,0.023419087752699852,0.023419087752699852,0.03359583765268326,0.023419087752699852
2024-02-28,0.023419087752699852,0.023419087752699852,0.023419087752699852,0.023419087752699852,0.023419087752699852,0.030855296179652214,0.023419087752699852,0.023419087752699852,0.0636596828699112,0.023419087752699852,0.023419087752699852,0.03061746247112751,0.023419087752699852,0.060312189161777496,0.023419087752699852,0.05531229451298714,0.04090069979429245,0.0636596828699112,0.023419087752699852,0.0636596828699112,0.02556845173239708,0.0636596828699112,0.0636596828699112,0.029833903536200523,0.023419087752699852,0.023419087752699852,0.023419087752699852,0.03359583765268326,0.023419087752699852
2024-02-29,0.023419087752699852,0.023419087752699852,0.023419087752699852,0.023419087752699852,0.023419087752699852,0.030855296179652214,0.023419087752699852,0.023419087752699852,0.0636596828699112,0.023419087752699852,0.023419087752699852,0.03061746247112751,0.023419087752699852,0.060312189161777496,0.023419087752699852,0.05531229451298714,0.04090069979429245,0.0636596828699112,0.023419087752699852,0.0636596828699112,0.02556845173239708,0.0636596828699112,0.0636596828699112,0.029833903536200523,0.023419087752699852,0.023419087752699852,0.023419087752699852,0.03359583765268326,0.023419087752699852
2024-03-01,0.023419087752699852,0.023419087752699852,0.023419087752699852,0.023419087752699852,0.023419087752699852,0.030855296179652214,0.023419087752699852,0.023419087752699852,0.0636596828699112,0.023419087752699852,0.023419087752699852,0.03061746247112751,0.023419087752699852,0.060312189161777496,0.023419087752699852,0.05531229451298714,0.04090069979429245,0.0636596828699112,0.023419087752699852,0.0636596828699112,0.02556845173239708,0.0636596828699112,0.0636596828699112,0.029833903536200523,0.023419087752699852,0.023419087752699852,0.023419087752699852,0.03359583765268326,0.023419087752699852
2024-03-04,0.023419087752699852,0.023419087752699852,0.023419087752699852,0.023419087752699852,0.023419087752699852,0.030855296179652214,0.023419087752699852,0.023419087752699852,0.0636596828699112,0.023419087752699852,0.023419087752699852,0.03061746247112751,0.023419087752699852,0.060312189161777496,0.023419087752699852,0.05531229451298714,0.04090069979429245,0.0636596828699112,0.023419087752699852,0.0636596828699112,0.02556845173239708,0.0636596828699112,0.0636596828699112,0.029833903536200523,0.023419087752699852,0.023419087752699852,0.023419087752699852,0.03359583765268326,0.023419087752699852
2024-03-05,0.023419087752699852,0.023419087752699852,0.023419087752699852,0.023419087752699852,0.023419087752699852,0.030855296179652214,0.023419087752699852,0.023419087752699852,0.0636596828699112,0.023419087752699852,0.023419087752699852,0.03061746247112751,0.023419087752699852,0.060312189161777496,0.023419087752699852,0.05531229451298714,0.04090069979429245,0.0636596828699112,0.023419087752699852,0.0636596828699112,0.02556845173239708,0.0636596828699112,0.0636596828699112,0.029833903536200523,0.023419087752699852,0.023419087752699852,0.023419087752699852,0.03359583765268326,0.023419087752699852
2024-03-06,0.023419087752699852,0.023419087752699852,0.023419087752699852,0.023419087752699852,0.023419087752699852,0.030855296179652214,0.023419087752699852,0.023419087752699852,0.0636596828699112,0.023419087752699852,0.023419087752699852,0.03061746247112751,0.023419087752699852,0.060312189161777496,0.023419087752699852,0.05531229451298714,0.04090069979429245,0.0636596828699112,0.023419087752699852,0.0636596828699112,0.02556845173239708,0.0636596828699112,0.0636596828699112,0.029833903536200523,0.023419087752699852,0.023419087752699852,0.023419087752699852,0.03359583765268326,0.023419087752699852
2024-03-07,0.023419087752699852,0.023419087752699852,0.023419087752699852,0.023419087752699852,0.023419087752699852,0.030855296179652214,0.023419087752699852,0.023419087752699852,0.0636596828699112,0.023419087752699852,0.023419087752699852,0.03061746247112751,0.023419087752699852,0.060312189161777496,0.023419087752699852,0.05531229451298714,0.04090069979429245,0.0636596828699112,0.023419087752699852,0.0636596828699112,0.02556845173239708,0.0636596828699112,0.0636596828699112,0.029833903536200523,0.023419087752699852,0.023419087752699852,0.023419087752699852,0.03359583765268326,0.023419087752699852
2024-03-08,0.023419087752699852,0.023419087752699852,0.023419087752699852,0.023419087752699852,0.023419087752699852,0.030855296179652214,0.023419087752699852,0.023419087752699852,0.0636596828699112,0.023419087752699852,0.023419087752699852,0.03061746247112751,0.023419087752699852,0.060312189161777496,0.023419087752699852,0.05531229451298714,0.04090069979429245,0.0636596828699112,0.023419087752699852,0.0636596828699112,0.02556845173239708,0.0636596828699112,0.0636596828699112,0.029833903536200523,0.023419087752699852,0.023419087752699852,0.023419087752699852,0.03359583765268326,0.023419087752699852
2024-03-11,0.023419087752699852,0.023419087752699852,0.023419087752699852,0.023419087752699852,0.023419087752699852,0.030855296179652214,0.023419087752699852,0.023419087752699852,0.0636596828699112,0.023419087752699852,0.023419087752699852,0.03061746247112751,0.023419087752699852,0.060312189161777496,0.023419087752699852,0.05531229451298714,0.04090069979429245,0.0636596828699112,0.023419087752699852,0.0636596828699112,0.02556845173239708,0.0636596828699112,0.0636596828699112,0.029833903536200523,0.023419087752699852,0.023419087752699852,0.023419087752699852,0.03359583765268326,0.023419087752699852
2024-03-12,0.023419087752699852,0.023419087752699852,0.023419087752699852,0.023419087752699852,0.023419087752699852,0.030855296179652214,0.023419087752699852,0.023419087752699852,0.0636596828699112,0.023419087752699852,0.023419087752699852,0.03061746247112751,0.023419087752699852,0.060312189161777496,0.023419087752699852,0.05531229451298714,0.04090069979429245,0.0636596828699112,0.023419087752699852,0.0636596828699112,0.02556845173239708,0.0636596828699112,0.0636596828699112,0.029833903536200523,0.023419087752699852,0.023419087752699852,0.023419087752699852,0.03359583765268326,0.023419087752699852
2024-03-13,0.023419087752699852,0.023419087752699852,0.023419087752699852,0.023419087752699852,0.023419087752699852,0.030855296179652214,0.023419087752699852,0.023419087752699852,0.0636596828699112,0.023419087752699852,0.023419087752699852,0.03061746247112751,0.023419087752699852,0.060312189161777496,0.023419087752699852,0.05531229451298714,0.04090069979429245,0.0636596828699112,0.023419087752699852,0.0636596828699112,0.02556845173239708,0.0636596828699112,0.0636596828699112,0.029833903536200523,0.023419087752699852,0.023419087752699852,0.023419087752699852,0.03359583765268326,0.023419087752699852
2024-03-14,0.023419087752699852,0.023419087752699852,0.023419087752699852,0.023419087752699852,0.023419087752699852,0.030855296179652214,0.023419087752699852,0.023419087752699852,0.0636596828699112,0.023419087752699852,0.023419087752699852,0.03061746247112751,0.023419087752699852,0.060312189161777496,0.023419087752699852,0.05531229451298714,0.04090069979429245,0.0636596828699112,0.023419087752699852,0.0636596828699112,0.02556845173239708,0.0636596828699112,0.0636596828699112,0.029833903536200523,0.023419087752699852,0.023419087752699852,0.023419087752699852,0.03359583765268326,0.023419087752699852
2024-03-15,0.023419087752699852,0.023419087752699852,0.023419087752699852,0.023419087752699852,0.023419087752699852,0.030855296179652214,0.023419087752699852,0.023419087752699852,0.0636596828699112,0.023419087752699852,0.023419087752699852,0.03061746247112751,0.023419087752699852,0.060312189161777496,0.023419087752699852,0.05531229451298714,0.04090069979429245,0.0636596828699112,0.023419087752699852,0.0636596828699112,0.02556845173239708,0.0636596828699112,0.0636596828699112,0.029833903536200523,0.023419087752699852,0.023419087752699852,0.023419087752699852,0.03359583765268326,0.023419087752699852
2024-03-18,0.023419087752699852,0.023419087752699852,0.023419087752699852,0.023419087752699852,0.023419087752699852,0.030855296179652214,0.023419087752699852,0.023419087752699852,0.0636596828699112,0.023419087752699852,0.023419087752699852,0.03061746247112751,0.023419087752699852,0.060312189161777496,0.023419087752699852,0.05531229451298714,0.04090069979429245,0.0636596828699112,0.023419087752699852,0.0636596828699112,0.02556845173239708,0.0636596828699112,0.0636596828699112,0.029833903536200523,0.023419087752699852,0.023419087752699852,0.023419087752699852,0.03359583765268326,0.023419087752699852
2024-03-19,0.023419087752699852,0.023419087752699852,0.023419087752699852,0.023419087752699852,0.023419087752699852,0.030855296179652214,0.023419087752699852,0.023419087752699852,0.0636596828699112,0.023419087752699852,0.023419087752699852,0.03061746247112751,0.023419087752699852,0.060312189161777496,0.023419087752699852,0.05531229451298714,0.04090069979429245,0.0636596828699112,0.023419087752699852,0.0636596828699112,0.02556845173239708,0.0636596828699112,0.0636596828699112,0.029833903536200523,0.023419087752699852,0.023419087752699852,0.023419087752699852,0.03359583765268326,0.023419087752699852
2024-03-20,0.023419087752699852,0.023419087752699852,0.023419087752699852,0.023419087752699852,0.023419087752699852,0.030855296179652214,0.023419087752699852,0.023419087752699852,0.0636596828699112,0.023419087752699852,0.023419087752699852,0.03061746247112751,0.023419087752699852,0.060312189161777496,0.023419087752699852,0.05531229451298714,0.04090069979429245,0.0636596828699112,0.023419087752699852,0.0636596828699112,0.02556845173239708,0.0636596828699112,0.0636596828699112,0.029833903536200523,0.023419087752699852,0.023419087752699852,0.023419087752699852,0.03359583765268326,0.023419087752699852
2024-03-21,0.023419087752699852,0.023419087752699852,0.023419087752699852,0.023419087752699852,0.023419087752699852,0.030855296179652214,0.023419087752699852,0.023419087752699852,0.0636596828699112,0.023419087752699852,0.023419087752699852,0.03061746247112751,0.023419087752699852,0.060312189161777496,0.023419087752699852,0.05531229451298714,0.04090069979429245,0.0636596828699112,0.023419087752699852,0.0636596828699112,0.02556845173239708,0.0636596828699112,0.0636596828699112,0.029833903536200523,0.023419087752699852,0.023419087752699852,0.023419087752699852,0.03359583765268326,0.023419087752699852
2024-03-22,0.023419087752699852,0.023419087752699852,0.023419087752699852,0.023419087752699852,0.023419087752699852,0.030855296179652214,0.023419087752699852,0.023419087752699852,0.0636596828699112,0.023419087752699852,0.023419087752699852,0.03061746247112751,0.023419087752699852,0.060312189161777496,0.023419087752699852,0.05531229451298714,0.04090069979429245,0.0636596828699112,0.023419087752699852,0.0636596828699112,0.02556845173239708,0.0636596828699112,0.0636596828699112,0.029833903536200523,0.023419087752699852,0.023419087752699852,0.023419087752699852,0.03359583765268326,0.023419087752699852
2024-03-25,0.023419087752699852,0.023419087752699852,0.023419087752699852,0.023419087752699852,0.023419087752699852,0.030855296179652214,0.023419087752699852,0.023419087752699852,0.0636596828699112,0.023419087752699852,0.023419087752699852,0.03061746247112751,0.023419087752699852,0.060312189161777496,0.023419087752699852,0.05531229451298714,0.04090069979429245,0.0636596828699112,0.023419087752699852,0.0636596828699112,0.02556845173239708,0.0636596828699112,0.0636596828699112,0.029833903536200523,0.023419087752699852,0.023419087752699852,0.023419087752699852,0.03359583765268326,0.023419087752699852
2024-03-26,0.023419087752699852,0.023419087752699852,0.023419087752699852,0.023419087752699852,0.023419087752699852,0.030855296179652214,0.023419087752699852,0.023419087752699852,0.0636596828699112,0.023419087752699852,0.023419087752699852,0.03061746247112751,0.023419087752699852,0.060312189161777496,0.023419087752699852,0.05531229451298714,0.04090069979429245,0.0636596828699112,0.023419087752699852,0.0636596828699112,0.02556845173239708,0.0636596828699112,0.0636596828699112,0.029833903536200523,0.023419087752699852,0.023419087752699852,0.023419087752699852,0.03359583765268326,0.023419087752699852
2024-03-27,0.023419087752699852,0.023419087752699852,0.023419087752699852,0.023419087752699852,0.023419087752699852,0.030855296179652214,0.023419087752699852,0.023419087752699852,0.0636596828699112,0.023419087752699852,0.023419087752699852,0.03061746247112751,0.023419087752699852,0.060312189161777496,0.023419087752699852,0.05531229451298714,0.04090069979429245,0.0636596828699112,0.023419087752699852,0.0636596828699112,0.02556845173239708,0.0636596828699112,0.0636596828699112,0.029833903536200523,0.023419087752699852,0.023419087752699852,0.023419087752699852,0.03359583765268326,0.023419087752699852
2024-03-28,0.023419087752699852,0.023419087752699852,0.023419087752699852,0.023419087752699852,0.023419087752699852,0.030855296179652214,0.023419087752699852,0.023419087752699852,0.0636596828699112,0.023419087752699852,0.023419087752699852,0.03061746247112751,0.023419087752699852,0.060312189161777496,0.023419087752699852,0.05531229451298714,0.04090069979429245,0.0636596828699112,0.023419087752699852,0.0636596828699112,0.02556845173239708,0.0636596828699112,0.0636596828699112,0.029833903536200523,0.023419087752699852,0.023419087752699852,0.023419087752699852,0.03359583765268326,0.023419087752699852
2024-04-01,0.023419087752699852,0.023419087752699852,0.023419087752699852,0.023419087752699852,0.023419087752699852,0.030855296179652214,0.023419087752699852,0.023419087752699852,0.0636596828699112,0.023419087752699852,0.023419087752699852,0.03061746247112751,0.023419087752699852,0.060312189161777496,0.023419087752699852,0.05531229451298714,0.04090069979429245,0.0636596828699112,0.023419087752699852,0.0636596828699112,0.02556845173239708,0.0636596828699112,0.0636596828699112,0.029833903536200523,0.023419087752699852,0.023419087752699852,0.023419087752699852,0.03359583765268326,0.023419087752699852
2024-04-02,0.023419087752699852,0.023419087752699852,0.023419087752699852,0.023419087752699852,0.023419087752699852,0.030855296179652214,0.023419087752699852,0.023419087752699852,0.0636596828699112,0.023419087752699852,0.023419087752699852,0.03061746247112751,0.023419087752699852,0.060312189161777496,0.023419087752699852,0.05531229451298714,0.04090069979429245,0.0636596828699112,0.023419087752699852,0.0636596828699112,0.02556845173239708,0.0636596828699112,0.0636596828699112,0.029833903536200523,0.023419087752699852,0.023419087752699852,0.023419087752699852,0.03359583765268326,0.023419087752699852
2024-04-03,0.023419087752699852,0.023419087752699852,0.023419087752699852,0.023419087752699852,0.023419087752699852,0.030855296179652214,0.023419087752699852,0.023419087752699852,0.0636596828699112,0.023419087752699852,0.023419087752699852,0.03061746247112751,0.023419087752699852,0.060312189161777496,0.023419087752699852,0.05531229451298714,0.04090069979429245,0.0636596828699112,0.023419087752699852,0.0636596828699112,0.02556845173239708,0.0636596828699112,0.0636596828699112,0.029833903536200523,0.023419087752699852,0.023419087752699852,0.023419087752699852,0.03359583765268326,0.023419087752699852
2024-04-04,0.023447273299098015,0.023447273299098015,0.023447273299098015,0.023447273299098015,0.023447273299098015,0.031268104910850525,0.023447273299098015,0.023447273299098015,0.06373629719018936,0.023447273299098015,0.023447273299098015,0.0306934155523777,0.023447273299098015,0.059257909655570984,0.023447273299098015,0.054959122091531754,0.041382547467947006,0.06373629719018936,0.023447273299098015,0.06373629719018936,0.02597751095890999,0.06373629719018936,0.06373629719018936,0.02953488938510418,0.023447273299098015,0.023447273299098015,0.023447273299098015,0.03308862820267677,0.023447273299098015
2024-04-05,0.023447273299098015,0.023447273299098015,0.023447273299098015,0.023447273299098015,0.023447273299098015,0.031268104910850525,0.023447273299098015,0.023447273299098015,0.06373629719018936,0.023447273299098015,0.023447273299098015,0.0306934155523777,0.023447273299098015,0.059257909655570984,0.023447273299098015,0.054959122091531754,0.041382547467947006,0.06373629719018936,0.023447273299098015,0.06373629719018936,0.02597751095890999,0.06373629719018936,0.06373629719018936,0.02953488938510418,0.023447273299098015,0.023447273299098015,0.023447273299098015,0.03308862820267677,0.023447273299098015
2024-04-08,0.023447273299098015,0.023447273299098015,0.023447273299098015,0.023447273299098015,0.023447273299098015,0.031268104910850525,0.023447273299098015,0.023447273299098015,0.06373629719018936,0.023447273299098015,0.023447273299098015,0.0306934155523777,0.023447273299098015,0.059257909655570984,0.023447273299098015,0.054959122091531754,0.041382547467947006,0.06373629719018936,0.023447273299098015,0.06373629719018936,0.02597751095890999,0.06373629719018936,0.06373629719018936,0.02953488938510418,0.023447273299098015,0.023447273299098015,0.023447273299098015,0.03308862820267677,0.023447273299098015
2024-04-09,0.023447273299098015,0.023447273299098015,0.023447273299098015,0.023447273299098015,0.023447273299098015,0.031268104910850525,0.023447273299098015,0.023447273299098015,0.06373629719018936,0.023447273299098015,0.023447273299098015,0.0306934155523777,0.023447273299098015,0.059257909655570984,0.023447273299098015,0.054959122091531754,0.041382547467947006,0.06373629719018936,0.023447273299098015,0.06373629719018936,0.02597751095890999,0.06373629719018936,0.06373629719018936,0.02953488938510418,0.023447273299098015,0.023447273299098015,0.023447273299098015,0.03308862820267677,0.023447273299098015
2024-04-10,0.023447273299098015,0.023447273299098015,0.023447273299098015,0.023447273299098015,0.023447273299098015,0.031268104910850525,0.023447273299098015,0.023447273299098015,0.06373629719018936,0.023447273299098015,0.023447273299098015,0.0306934155523777,0.023447273299098015,0.059257909655570984,0.023447273299098015,0.054959122091531754,0.041382547467947006,0.06373629719018936,0.023447273299098015,0.06373629719018936,0.02597751095890999,0.06373629719018936,0.06373629719018936,0.02953488938510418,0.023447273299098015,0.023447273299098015,0.023447273299098015,0.03308862820267677,0.023447273299098015
2024-04-11,0.023447273299098015,0.023447273299098015,0.023447273299098015,0.023447273299098015,0.023447273299098015,0.031268104910850525,0.023447273299098015,0.023447273299098015,0.06373629719018936,0.023447273299098015,0.023447273299098015,0.0306934155523777,0.023447273299098015,0.059257909655570984,0.023447273299098015,0.054959122091531754,0.041382547467947006,0.06373629719018936,0.023447273299098015,0.06373629719018936,0.02597751095890999,0.06373629719018936,0.06373629719018936,0.02953488938510418,0.023447273299098015,0.023447273299098015,0.023447273299098015,0.03308862820267677,0.023447273299098015
2024-04-12,0.023447273299098015,0.023447273299098015,0.023447273299098015,0.023447273299098015,0.023447273299098015,0.031268104910850525,0.023447273299098015,0.023447273299098015,0.06373629719018936,0.023447273299098015,0.023447273299098015,0.0306934155523777,0.023447273299098015,0.059257909655570984,0.023447273299098015,0.054959122091531754,0.041382547467947006,0.06373629719018936,0.023447273299098015,0.06373629719018936,0.02597751095890999,0.06373629719018936,0.06373629719018936,0.02953488938510418,0.023447273299098015,0.023447273299098015,0.023447273299098015,0.03308862820267677,0.023447273299098015
2024-04-15,0.023447273299098015,0.023447273299098015,0.023447273299098015,0.023447273299098015,0.023447273299098015,0.031268104910850525,0.023447273299098015,0.023447273299098015,0.06373629719018936,0.023447273299098015,0.023447273299098015,0.0306934155523777,0.023447273299098015,0.059257909655570984,0.023447273299098015,0.054959122091531754,0.041382547467947006,0.06373629719018936,0.023447273299098015,0.06373629719018936,0.02597751095890999,0.06373629719018936,0.06373629719018936,0.02953488938510418,0.023447273299098015,0.023447273299098015,0.023447273299098015,0.03308862820267677,0.023447273299098015
2024-04-16,0.023447273299098015,0.023447273299098015,0.023447273299098015,0.023447273299098015,0.023447273299098015,0.031268104910850525,0.023447273299098015,0.023447273299098015,0.06373629719018936,0.023447273299098015,0.023447273299098015,0.0306934155523777,0.023447273299098015,0.059257909655570984,0.023447273299098015,0.054959122091531754,0.041382547467947006,0.06373629719018936,0.023447273299098015,0.06373629719018936,0.02597751095890999,0.06373629719018936,0.06373629719018936,0.02953488938510418,0.023447273299098015,0.023447273299098015,0.023447273299098015,0.03308862820267677,0.023447273299098015
2024-04-17,0.023447273299098015,0.023447273299098015,0.023447273299098015,0.023447273299098015,0.023447273299098015,0.031268104910850525,0.023447273299098015,0.023447273299098015,0.06373629719018936,0.023447273299098015,0.023447273299098015,0.0306934155523777,0.023447273299098015,0.059257909655570984,0.023447273299098015,0.054959122091531754,0.041382547467947006,0.06373629719018936,0.023447273299098015,0.06373629719018936,0.02597751095890999,0.06373629719018936,0.06373629719018936,0.02953488938510418,0.023447273299098015,0.023447273299098015,0.023447273299098015,0.03308862820267677,0.023447273299098015
2024-04-18,0.023447273299098015,0.023447273299098015,0.023447273299098015,0.023447273299098015,0.023447273299098015,0.031268104910850525,0.023447273299098015,0.023447273299098015,0.06373629719018936,0.023447273299098015,0.023447273299098015,0.0306934155523777,0.023447273299098015,0.059257909655570984,0.023447273299098015,0.054959122091531754,0.041382547467947006,0.06373629719018936,0.023447273299098015,0.06373629719018936,0.02597751095890999,0.06373629719018936,0.06373629719018936,0.02953488938510418,0.023447273299098015,0.023447273299098015,0.023447273299098015,0.03308862820267677,0.023447273299098015
2024-04-19,0.023447273299098015,0.023447273299098015,0.023447273299098015,0.023447273299098015,0.023447273299098015,0.031268104910850525,0.023447273299098015,0.023447273299098015,0.06373629719018936,0.023447273299098015,0.023447273299098015,0.0306934155523777,0.023447273299098015,0.059257909655570984,0.023447273299098015,0.054959122091531754,0.041382547467947006,0.06373629719018936,0.023447273299098015,0.06373629719018936,0.02597751095890999,0.06373629719018936,0.06373629719018936,0.02953488938510418,0.023447273299098015,0.023447273299098015,0.023447273299098015,0.03308862820267677,0.023447273299098015
2024-04-22,0.023447273299098015,0.023447273299098015,0.023447273299098015,0.023447273299098015,0.023447273299098015,0.031268104910850525,0.023447273299098015,0.023447273299098015,0.06373629719018936,0.023447273299098015,0.023447273299098015,0.0306934155523777,0.023447273299098015,0.059257909655570984,0.023447273299098015,0.054959122091531754,0.041382547467947006,0.06373629719018936,0.023447273299098015,0.06373629719018936,0.02597751095890999,0.06373629719018936,0.06373629719018936,0.02953488938510418,0.023447273299098015,0.023447273299098015,0.023447273299098015,0.03308862820267677,0.023447273299098015
2024-04-23,0.02344694919884205,0.02344694919884205,0.02344694919884205,0.02344694919884205,0.02344694919884205,0.03126686438918114,0.02344694919884205,0.02344694919884205,0.06373541802167892,0.02344694919884205,0.02344694919884205,0.030693167820572853,0.02344694919884205,0.05926448851823807,0.02344694919884205,0.05496242642402649,0.04138224571943283,0.06373541802167892,0.02344694919884205,0.06373541802167892,0.025976015254855156,0.06373541802167892,0.06373541802167892,0.02953602932393551,0.02344694919884205,0.02344694919884205,0.02344694919884205,0.03309043496847153,0.02344694919884205
2024-04-24,0.023419087752699852,0.023419087752699852,0.023419087752699852,0.023419087752699852,0.023419087752699852,0.030855296179652214,0.023419087752699852,0.023419087752699852,0.0636596828699112,0.023419087752699852,0.023419087752699852,0.03061746247112751,0.023419087752699852,0.060312189161777496,0.023419087752699852,0.05531229451298714,0.04090069979429245,0.0636596828699112,0.023419087752699852,0.0636596828699112,0.02556845173239708,0.0636596828699112,0.0636596828699112,0.029833903536200523,0.023419087752699852,0.023419087752699852,0.023419087752699852,0.03359583765268326,0.023419087752699852
2024-04-25,0.023419087752699852,0.023419087752699852,0.023419087752699852,0.023419087752699852,0.023419087752699852,0.030855296179652214,0.023419087752699852,0.023419087752699852,0.0636596828699112,0.023419087752699852,0.023419087752699852,0.03061746247112751,0.023419087752699852,0.060312189161777496,0.023419087752699852,0.05531229451298714,0.04090069979429245,0.0636596828699112,0.023419087752699852,0.0636596828699112,0.02556845173239708,0.0636596828699112,0.0636596828699112,0.029833903536200523,0.023419087752699852,0.023419087752699852,0.023419087752699852,0.03359583765268326,0.023419087752699852
2024-04-26,0.023419087752699852,0.023419087752699852,0.023419087752699852,0.023419087752699852,0.023419087752699852,0.030855296179652214,0.023419087752699852,0.023419087752699852,0.0636596828699112,0.023419087752699852,0.023419087752699852,0.03061746247112751,0.023419087752699852,0.060312189161777496,0.023419087752699852,0.05531229451298714,0.04090069979429245,0.0636596828699112,0.023419087752699852,0.0636596828699112,0.02556845173239708,0.0636596828699112,0.0636596828699112,0.029833903536200523,0.023419087752699852,0.023419087752699852,0.023419087752699852,0.03359583765268326,0.023419087752699852
2024-04-29,0.023419087752699852,0.023419087752699852,0.023419087752699852,0.023419087752699852,0.023419087752699852,0.030855296179652214,0.023419087752699852,0.023419087752699852,0.0636596828699112,0.023419087752699852,0.023419087752699852,0.03061746247112751,0.023419087752699852,0.060312189161777496,0.023419087752699852,0.05531229451298714,0.04090069979429245,0.0636596828699112,0.023419087752699852,0.0636596828699112,0.02556845173239708,0.0636596828699112,0.0636596828699112,0.029833903536200523,0.023419087752699852,0.023419087752699852,0.023419087752699852,0.03359583765268326,0.023419087752699852
2024-04-30,0.023419087752699852,0.023419087752699852,0.023419087752699852,0.023419087752699852,0.023419087752699852,0.030855296179652214,0.023419087752699852,0.023419087752699852,0.0636596828699112,0.023419087752699852,0.023419087752699852,0.03061746247112751,0.023419087752699852,0.060312189161777496,0.023419087752699852,0.05531229451298714,0.04090069979429245,0.0636596828699112,0.023419087752699852,0.0636596828699112,0.02556845173239708,0.0636596828699112,0.0636596828699112,0.029833903536200523,0.023419087752699852,0.023419087752699852,0.023419087752699852,0.03359583765268326,0.023419087752699852
2024-05-01,0.023419087752699852,0.023419087752699852,0.023419087752699852,0.023419087752699852,0.023419087752699852,0.030855296179652214,0.023419087752699852,0.023419087752699852,0.0636596828699112,0.023419087752699852,0.023419087752699852,0.03061746247112751,0.023419087752699852,0.060312189161777496,0.023419087752699852,0.05531229451298714,0.04090069979429245,0.0636596828699112,0.023419087752699852,0.0636596828699112,0.02556845173239708,0.0636596828699112,0.0636596828699112,0.029833903536200523,0.023419087752699852,0.023419087752699852,0.023419087752699852,0.03359583765268326,0.023419087752699852
2024-05-02,0.023419087752699852,0.023419087752699852,0.023419087752699852,0.023419087752699852,0.023419087752699852,0.030855296179652214,0.023419087752699852,0.023419087752699852,0.0636596828699112,0.023419087752699852,0.023419087752699852,0.03061746247112751,0.023419087752699852,0.060312189161777496,0.023419087752699852,0.05531229451298714,0.04090069979429245,0.0636596828699112,0.023419087752699852,0.0636596828699112,0.02556845173239708,0.0636596828699112,0.0636596828699112,0.029833903536200523,0.023419087752699852,0.023419087752699852,0.023419087752699852,0.03359583765268326,0.023419087752699852
2024-05-03,0.023419087752699852,0.023419087752699852,0.023419087752699852,0.023419087752699852,0.023419087752699852,0.030855296179652214,0.023419087752699852,0.023419087752699852,0.0636596828699112,0.023419087752699852,0.023419087752699852,0.03061746247112751,0.023419087752699852,0.060312189161777496,0.023419087752699852,0.05531229451298714,0.04090069979429245,0.0636596828699112,0.023419087752699852,0.0636596828699112,0.02556845173239708,0.0636596828699112,0.0636596828699112,0.029833903536200523,0.023419087752699852,0.023419087752699852,0.023419087752699852,0.03359583765268326,0.023419087752699852
2024-05-06,0.023419087752699852,0.023419087752699852,0.023419087752699852,0.023419087752699852,0.023419087752699852,0.030855296179652214,0.023419087752699852,0.023419087752699852,0.0636596828699112,0.023419087752699852,0.023419087752699852,0.03061746247112751,0.023419087752699852,0.060312189161777496,0.023419087752699852,0.05531229451298714,0.04090069979429245,0.0636596828699112,0.023419087752699852,0.0636596828699112,0.02556845173239708,0.0636596828699112,0.0636596828699112,0.029833903536200523,0.023419087752699852,0.023419087752699852,0.023419087752699852,0.03359583765268326,0.023419087752699852
2024-05-07,0.023419087752699852,0.023419087752699852,0.023419087752699852,0.023419087752699852,0.023419087752699852,0.030855296179652214,0.023419087752699852,0.023419087752699852,0.0636596828699112,0.023419087752699852,0.023419087752699852,0.03061746247112751,0.023419087752699852,0.060312189161777496,0.023419087752699852,0.05531229451298714,0.04090069979429245,0.0636596828699112,0.023419087752699852,0.0636596828699112,0.02556845173239708,0.0636596828699112,0.0636596828699112,0.029833903536200523,0.023419087752699852,0.023419087752699852,0.023419087752699852,0.03359583765268326,0.023419087752699852
2024-05-08,0.023419087752699852,0.023419087752699852,0.023419087752699852,0.023419087752699852,0.023419087752699852,0.030855296179652214,0.023419087752699852,0.023419087752699852,0.0636596828699112,0.023419087752699852,0.023419087752699852,0.03061746247112751,0.023419087752699852,0.060312189161777496,0.023419087752699852,0.05531229451298714,0.04090069979429245,0.0636596828699112,0.023419087752699852,0.0636596828699112,0.02556845173239708,0.0636596828699112,0.0636596828699112,0.029833903536200523,0.023419087752699852,0.023419087752699852,0.023419087752699852,0.03359583765268326,0.023419087752699852
2024-05-09,0.023419087752699852,0.023419087752699852,0.023419087752699852,0.023419087752699852,0.023419087752699852,0.030855296179652214,0.023419087752699852,0.023419087752699852,0.0636596828699112,0.023419087752699852,0.023419087752699852,0.03061746247112751,0.023419087752699852,0.060312189161777496,0.023419087752699852,0.05531229451298714,0.04090069979429245,0.0636596828699112,0.023419087752699852,0.0636596828699112,0.02556845173239708,0.0636596828699112,0.0636596828699112,0.029833903536200523,0.023419087752699852,0.023419087752699852,0.023419087752699852,0.03359583765268326,0.023419087752699852
2024-05-10,0.023419087752699852,0.023419087752699852,0.023419087752699852,0.023419087752699852,0.023419087752699852,0.030855296179652214,0.023419087752699852,0.023419087752699852,0.0636596828699112,0.023419087752699852,0.023419087752699852,0.03061746247112751,0.023419087752699852,0.060312189161777496,0.023419087752699852,0.05531229451298714,0.04090069979429245,0.0636596828699112,0.023419087752699852,0.0636596828699112,0.02556845173239708,0.0636596828699112,0.0636596828699112,0.029833903536200523,0.023419087752699852,0.023419087752699852,0.023419087752699852,0.03359583765268326,0.023419087752699852
2024-05-13,0.023419087752699852,0.023419087752699852,0.023419087752699852,0.023419087752699852,0.023419087752699852,0.030855296179652214,0.023419087752699852,0.023419087752699852,0.0636596828699112,0.023419087752699852,0.023419087752699852,0.03061746247112751,0.023419087752699852,0.060312189161777496,0.023419087752699852,0.05531229451298714,0.04090069979429245,0.0636596828699112,0.023419087752699852,0.0636596828699112,0.02556845173239708,0.0636596828699112,0.0636596828699112,0.029833903536200523,0.023419087752699852,0.023419087752699852,0.023419087752699852,0.03359583765268326,0.023419087752699852
2024-05-14,0.023419087752699852,0.023419087752699852,0.023419087752699852,0.023419087752699852,0.023419087752699852,0.030855296179652214,0.023419087752699852,0.023419087752699852,0.0636596828699112,0.023419087752699852,0.023419087752699852,0.03061746247112751,0.023419087752699852,0.060312189161777496,0.023419087752699852,0.05531229451298714,0.04090069979429245,0.0636596828699112,0.023419087752699852,0.0636596828699112,0.02556845173239708,0.0636596828699112,0.0636596828699112,0.029833903536200523,0.023419087752699852,0.023419087752699852,0.023419087752699852,0.03359583765268326,0.023419087752699852
2024-05-15,0.023419087752699852,0.023419087752699852,0.023419087752699852,0.023419087752699852,0.023419087752699852,0.030855296179652214,0.023419087752699852,0.023419087752699852,0.0636596828699112,0.023419087752699852,0.023419087752699852,0.03061746247112751,0.023419087752699852,0.060312189161777496,0.023419087752699852,0.05531229451298714,0.04090069979429245,0.0636596828699112,0.023419087752699852,0.0636596828699112,0.02556845173239708,0.0636596828699112,0.0636596828699112,0.029833903536200523,0.023419087752699852,0.023419087752699852,0.023419087752699852,0.03359583765268326,0.023419087752699852
2024-05-16,0.023419087752699852,0.023419087752699852,0.023419087752699852,0.023419087752699852,0.023419087752699852,0.030855296179652214,0.023419087752699852,0.023419087752699852,0.0636596828699112,0.023419087752699852,0.023419087752699852,0.03061746247112751,0.023419087752699852,0.060312189161777496,0.023419087752699852,0.05531229451298714,0.04090069979429245,0.0636596828699112,0.023419087752699852,0.0636596828699112,0.02556845173239708,0.0636596828699112,0.0636596828699112,0.029833903536200523,0.023419087752699852,0.023419087752699852,0.023419087752699852,0.03359583765268326,0.023419087752699852
2024-05-17,0.023636717349290848,0.023636717349290848,0.023636717349290848,0.023636717349290848,0.023636717349290848,0.03035689890384674,0.023636717349290848,0.023636717349290848,0.06425125896930695,0.023636717349290848,0.023636717349290848,0.03187961131334305,0.023636717349290848,0.05678737163543701,0.023636717349290848,0.05197306349873543,0.03980439528822899,0.06425125896930695,0.023636717349290848,0.06425125896930695,0.024343453347682953,0.06425125896930695,0.06425125896930695,0.03107924945652485,0.023636717349290848,0.023636717349290848,0.023636717349290848,0.034332092851400375,0.023636717349290848
2024-05-20,0.023636717349290848,0.023636717349290848,0.023636717349290848,0.023636717349290848,0.023636717349290848,0.03035689890384674,0.023636717349290848,0.023636717349290848,0.06425125896930695,0.023636717349290848,0.023636717349290848,0.03187961131334305,0.023636717349290848,0.05678737163543701,0.023636717349290848,0.05197306349873543,0.03980439528822899,0.06425125896930695,0.023636717349290848,0.06425125896930695,0.024343453347682953,0.06425125896930695,0.06425125896930695,0.03107924945652485,0.023636717349290848,0.023636717349290848,0.023636717349290848,0.034332092851400375,0.023636717349290848
2024-05-21,0.023419087752699852,0.023419087752699852,0.023419087752699852,0.023419087752699852,0.023419087752699852,0.030855296179652214,0.023419087752699852,0.023419087752699852,0.0636596828699112,0.023419087752699852,0.023419087752699852,0.03061746247112751,0.023419087752699852,0.060312189161777496,0.023419087752699852,0.05531229451298714,0.04090069979429245,0.0636596828699112,0.023419087752699852,0.0636596828699112,0.02556845173239708,0.0636596828699112,0.0636596828699112,0.029833903536200523,0.023419087752699852,0.023419087752699852,0.023419087752699852,0.03359583765268326,0.023419087752699852
2024-05-22,0.023419087752699852,0.023419087752699852,0.023419087752699852,0.023419087752699852,0.023419087752699852,0.030855296179652214,0.023419087752699852,0.023419087752699852,0.0636596828699112,0.023419087752699852,0.023419087752699852,0.03061746247112751,0.023419087752699852,0.060312189161777496,0.023419087752699852,0.05531229451298714,0.04090069979429245,0.0636596828699112,0.023419087752699852,0.0636596828699112,0.02556845173239708,0.0636596828699112,0.0636596828699112,0.029833903536200523,0.023419087752699852,0.023419087752699852,0.023419087752699852,0.03359583765268326,0.023419087752699852
2024-05-23,0.023419087752699852,0.023419087752699852,0.023419087752699852,0.023419087752699852,0.023419087752699852,0.030855296179652214,0.023419087752699852,0.023419087752699852,0.0636596828699112,0.023419087752699852,0.023419087752699852,0.03061746247112751,0.023419087752699852,0.060312189161777496,0.023419087752699852,0.05531229451298714,0.04090069979429245,0.0636596828699112,0.023419087752699852,0.0636596828699112,0.02556845173239708,0.0636596828699112,0.0636596828699112,0.029833903536200523,0.023419087752699852,0.023419087752699852,0.023419087752699852,0.03359583765268326,0.023419087752699852
2024-05-24,0.023419087752699852,0.023419087752699852,0.023419087752699852,0.023419087752699852,0.023419087752699852,0.030855296179652214,0.023419087752699852,0.023419087752699852,0.0636596828699112,0.023419087752699852,0.023419087752699852,0.03061746247112751,0.023419087752699852,0.060312189161777496,0.023419087752699852,0.05531229451298714,0.04090069979429245,0.0636596828699112,0.023419087752699852,0.0636596828699112,0.02556845173239708,0.0636596828699112,0.0636596828699112,0.029833903536200523,0.023419087752699852,0.023419087752699852,0.023419087752699852,0.03359583765268326,0.023419087752699852
2024-05-28,0.023419087752699852,0.023419087752699852,0.023419087752699852,0.023419087752699852,0.023419087752699852,0.030855296179652214,0.023419087752699852,0.023419087752699852,0.0636596828699112,0.023419087752699852,0.023419087752699852,0.03061746247112751,0.023419087752699852,0.060312189161777496,0.023419087752699852,0.05531229451298714,0.04090069979429245,0.0636596828699112,0.023419087752699852,0.0636596828699112,0.02556845173239708,0.0636596828699112,0.0636596828699112,0.029833903536200523,0.023419087752699852,0.023419087752699852,0.023419087752699852,0.03359583765268326,0.023419087752699852
2024-05-29,0.023447273299098015,0.023447273299098015,0.023447273299098015,0.023447273299098015,0.023447273299098015,0.031268104910850525,0.023447273299098015,0.023447273299098015,0.06373629719018936,0.023447273299098015,0.023447273299098015,0.0306934155523777,0.023447273299098015,0.059257909655570984,0.023447273299098015,0.054959122091531754,0.041382547467947006,0.06373629719018936,0.023447273299098015,0.06373629719018936,0.02597751095890999,0.06373629719018936,0.06373629719018936,0.02953488938510418,0.023447273299098015,0.023447273299098015,0.023447273299098015,0.03308862820267677,0.023447273299098015
2024-05-30,0.023447273299098015,0.023447273299098015,0.023447273299098015,0.023447273299098015,0.023447273299098015,0.031268104910850525,0.023447273299098015,0.023447273299098015,0.06373629719018936,0.023447273299098015,0.023447273299098015,0.0306934155523777,0.023447273299098015,0.059257909655570984,0.023447273299098015,0.054959122091531754,0.041382547467947006,0.06373629719018936,0.023447273299098015,0.06373629719018936,0.02597751095890999,0.06373629719018936,0.06373629719018936,0.02953488938510418,0.023447273299098015,0.023447273299098015,0.023447273299098015,0.03308862820267677,0.023447273299098015
2024-05-31,0.023447273299098015,0.023447273299098015,0.023447273299098015,0.023447273299098015,0.023447273299098015,0.031268104910850525,0.023447273299098015,0.023447273299098015,0.06373629719018936,0.023447273299098015,0.023447273299098015,0.0306934155523777,0.023447273299098015,0.059257909655570984,0.023447273299098015,0.054959122091531754,0.041382547467947006,0.06373629719018936,0.023447273299098015,0.06373629719018936,0.02597751095890999,0.06373629719018936,0.06373629719018936,0.02953488938510418,0.023447273299098015,0.023447273299098015,0.023447273299098015,0.03308862820267677,0.023447273299098015
2024-06-03,0.023419087752699852,0.023419087752699852,0.023419087752699852,0.023419087752699852,0.023419087752699852,0.030855296179652214,0.023419087752699852,0.023419087752699852,0.0636596828699112,0.023419087752699852,0.023419087752699852,0.03061746247112751,0.023419087752699852,0.060312189161777496,0.023419087752699852,0.05531229451298714,0.04090069979429245,0.0636596828699112,0.023419087752699852,0.0636596828699112,0.02556845173239708,0.0636596828699112,0.0636596828699112,0.029833903536200523,0.023419087752699852,0.023419087752699852,0.023419087752699852,0.03359583765268326,0.023419087752699852
2024-06-04,0.023419087752699852,0.023419087752699852,0.023419087752699852,0.023419087752699852,0.023419087752699852,0.030855296179652214,0.023419087752699852,0.023419087752699852,0.0636596828699112,0.023419087752699852,0.023419087752699852,0.03061746247112751,0.023419087752699852,0.060312189161777496,0.023419087752699852,0.05531229451298714,0.04090069979429245,0.0636596828699112,0.023419087752699852,0.0636596828699112,0.02556845173239708,0.0636596828699112,0.0636596828699112,0.029833903536200523,0.023419087752699852,0.023419087752699852,0.023419087752699852,0.03359583765268326,0.023419087752699852
2024-06-05,0.023419087752699852,0.023419087752699852,0.023419087752699852,0.023419087752699852,0.023419087752699852,0.030855296179652214,0.023419087752699852,0.023419087752699852,0.0636596828699112,0.023419087752699852,0.023419087752699852,0.03061746247112751,0.023419087752699852,0.060312189161777496,0.023419087752699852,0.05531229451298714,0.04090069979429245,0.0636596828699112,0.023419087752699852,0.0636596828699112,0.02556845173239708,0.0636596828699112,0.0636596828699112,0.029833903536200523,0.023419087752699852,0.023419087752699852,0.023419087752699852,0.03359583765268326,0.023419087752699852
2024-06-06,0.023419087752699852,0.023419087752699852,0.023419087752699852,0.023419087752699852,0.023419087752699852,0.030855296179652214,0.023419087752699852,0.023419087752699852,0.0636596828699112,0.023419087752699852,0.023419087752699852,0.03061746247112751,0.023419087752699852,0.060312189161777496,0.023419087752699852,0.05531229451298714,0.04090069979429245,0.0636596828699112,0.023419087752699852,0.0636596828699112,0.02556845173239708,0.0636596828699112,0.0636596828699112,0.029833903536200523,0.023419087752699852,0.023419087752699852,0.023419087752699852,0.03359583765268326,0.023419087752699852
2024-06-07,0.023419087752699852,0.023419087752699852,0.023419087752699852,0.023419087752699852,0.023419087752699852,0.030855296179652214,0.023419087752699852,0.023419087752699852,0.0636596828699112,0.023419087752699852,0.023419087752699852,0.03061746247112751,0.023419087752699852,0.060312189161777496,0.023419087752699852,0.05531229451298714,0.04090069979429245,0.0636596828699112,0.023419087752699852,0.0636596828699112,0.02556845173239708,0.0636596828699112,0.0636596828699112,0.029833903536200523,0.023419087752699852,0.023419087752699852,0.023419087752699852,0.03359583765268326,0.023419087752699852
2024-06-10,0.023419087752699852,0.023419087752699852,0.023419087752699852,0.023419087752699852,0.023419087752699852,0.030855296179652214,0.023419087752699852,0.023419087752699852,0.0636596828699112,0.023419087752699852,0.023419087752699852,0.03061746247112751,0.023419087752699852,0.060312189161777496,0.023419087752699852,0.05531229451298714,0.04090069979429245,0.0636596828699112,0.023419087752699852,0.0636596828699112,0.02556845173239708,0.0636596828699112,0.0636596828699112,0.029833903536200523,0.023419087752699852,0.023419087752699852,0.023419087752699852,0.03359583765268326,0.023419087752699852
2024-06-11,0.023419087752699852,0.023419087752699852,0.023419087752699852,0.023419087752699852,0.023419087752699852,0.030855296179652214,0.023419087752699852,0.023419087752699852,0.0636596828699112,0.023419087752699852,0.023419087752699852,0.03061746247112751,0.023419087752699852,0.060312189161777496,0.023419087752699852,0.05531229451298714,0.04090069979429245,0.0636596828699112,0.023419087752699852,0.0636596828699112,0.02556845173239708,0.0636596828699112,0.0636596828699112,0.029833903536200523,0.023419087752699852,0.023419087752699852,0.023419087752699852,0.03359583765268326,0.023419087752699852
2024-06-12,0.023419087752699852,0.023419087752699852,0.023419087752699852,0.023419087752699852,0.023419087752699852,0.030855296179652214,0.023419087752699852,0.023419087752699852,0.0636596828699112,0.023419087752699852,0.023419087752699852,0.03061746247112751,0.023419087752699852,0.060312189161777496,0.023419087752699852,0.05531229451298714,0.04090069979429245,0.0636596828699112,0.023419087752699852,0.0636596828699112,0.02556845173239708,0.0636596828699112,0.0636596828699112,0.029833903536200523,0.023419087752699852,0.023419087752699852,0.023419087752699852,0.03359583765268326,0.023419087752699852
2024-06-13,0.023418836295604706,0.023418836295604706,0.023418836295604706,0.023418836295604706,0.023418836295604706,0.03085925430059433,0.023418836295604706,0.023418836295604706,0.06365900486707687,0.023418836295604706,0.023418836295604706,0.03061804175376892,0.023418836295604706,0.060309894382953644,0.023418836295604706,0.055313825607299805,0.04090743884444237,0.06365900486707687,0.023418836295604706,0.06365900486707687,0.025571368634700775,0.06365900486707687,0.06365900486707687,0.029831890016794205,0.023418836295604706,0.023418836295604706,0.023418836295604706,0.0335918627679348,0.023418836295604706
2024-06-14,0.023447273299098015,0.023447273299098015,0.023447273299098015,0.023447273299098015,0.023447273299098015,0.031268104910850525,0.023447273299098015,0.023447273299098015,0.06373629719018936,0.023447273299098015,0.023447273299098015,0.0306934155523777,0.023447273299098015,0.059257909655570984,0.023447273299098015,0.054959122091531754,0.041382547467947006,0.06373629719018936,0.023447273299098015,0.06373629719018936,0.02597751095890999,0.06373629719018936,0.06373629719018936,0.02953488938510418,0.023447273299098015,0.023447273299098015,0.023447273299098015,0.03308862820267677,0.023447273299098015
2024-06-17,0.023447273299098015,0.023447273299098015,0.023447273299098015,0.023447273299098015,0.023447273299098015,0.031268104910850525,0.023447273299098015,0.023447273299098015,0.06373629719018936,0.023447273299098015,0.023447273299098015,0.0306934155523777,0.023447273299098015,0.059257909655570984,0.023447273299098015,0.054959122091531754,0.041382547467947006,0.06373629719018936,0.023447273299098015,0.06373629719018936,0.02597751095890999,0.06373629719018936,0.06373629719018936,0.02953488938510418,0.023447273299098015,0.023447273299098015,0.023447273299098015,0.03308862820267677,0.023447273299098015
2024-06-18,0.023447273299098015,0.023447273299098015,0.023447273299098015,0.023447273299098015,0.023447273299098015,0.031268104910850525,0.023447273299098015,0.023447273299098015,0.06373629719018936,0.023447273299098015,0.023447273299098015,0.0306934155523777,0.023447273299098015,0.059257909655570984,0.023447273299098015,0.054959122091531754,0.041382547467947006,0.06373629719018936,0.023447273299098015,0.06373629719018936,0.02597751095890999,0.06373629719018936,0.06373629719018936,0.02953488938510418,0.023447273299098015,0.023447273299098015,0.023447273299098015,0.03308862820267677,0.023447273299098015
2024-06-20,0.023419087752699852,0.023419087752699852,0.023419087752699852,0.023419087752699852,0.023419087752699852,0.030855296179652214,0.023419087752699852,0.023419087752699852,0.0636596828699112,0.023419087752699852,0.023419087752699852,0.03061746247112751,0.023419087752699852,0.060312189161777496,0.023419087752699852,0.05531229451298714,0.04090069979429245,0.0636596828699112,0.023419087752699852,0.0636596828699112,0.02556845173239708,0.0636596828699112,0.0636596828699112,0.029833903536200523,0.023419087752699852,0.023419087752699852,0.023419087752699852,0.03359583765268326,0.023419087752699852
2024-06-21,0.023419087752699852,0.023419087752699852,0.023419087752699852,0.023419087752699852,0.023419087752699852,0.030855296179652214,0.023419087752699852,0.023419087752699852,0.0636596828699112,0.023419087752699852,0.023419087752699852,0.03061746247112751,0.023419087752699852,0.060312189161777496,0.023419087752699852,0.05531229451298714,0.04090069979429245,0.0636596828699112,0.023419087752699852,0.0636596828699112,0.02556845173239708,0.0636596828699112,0.0636596828699112,0.029833903536200523,0.023419087752699852,0.023419087752699852,0.023419087752699852,0.03359583765268326,0.023419087752699852
2024-06-24,0.023419087752699852,0.023419087752699852,0.023419087752699852,0.023419087752699852,0.023419087752699852,0.030855296179652214,0.023419087752699852,0.023419087752699852,0.0636596828699112,0.023419087752699852,0.023419087752699852,0.03061746247112751,0.023419087752699852,0.060312189161777496,0.023419087752699852,0.05531229451298714,0.04090069979429245,0.0636596828699112,0.023419087752699852,0.0636596828699112,0.02556845173239708,0.0636596828699112,0.0636596828699112,0.029833903536200523,0.023419087752699852,0.023419087752699852,0.023419087752699852,0.03359583765268326,0.023419087752699852
2024-06-25,0.023419087752699852,0.023419087752699852,0.023419087752699852,0.023419087752699852,0.023419087752699852,0.030855296179652214,0.023419087752699852,0.023419087752699852,0.0636596828699112,0.023419087752699852,0.023419087752699852,0.03061746247112751,0.023419087752699852,0.060312189161777496,0.023419087752699852,0.05531229451298714,0.04090069979429245,0.0636596828699112,0.023419087752699852,0.0636596828699112,0.02556845173239708,0.0636596828699112,0.0636596828699112,0.029833903536200523,0.023419087752699852,0.023419087752699852,0.023419087752699852,0.03359583765268326,0.023419087752699852
2024-06-26,0.023419087752699852,0.023419087752699852,0.023419087752699852,0.023419087752699852,0.023419087752699852,0.030855296179652214,0.023419087752699852,0.023419087752699852,0.0636596828699112,0.023419087752699852,0.023419087752699852,0.03061746247112751,0.023419087752699852,0.060312189161777496,0.023419087752699852,0.05531229451298714,0.04090069979429245,0.0636596828699112,0.023419087752699852,0.0636596828699112,0.02556845173239708,0.0636596828699112,0.0636596828699112,0.029833903536200523,0.023419087752699852,0.023419087752699852,0.023419087752699852,0.03359583765268326,0.023419087752699852
2024-06-27,0.023419087752699852,0.023419087752699852,0.023419087752699852,0.023419087752699852,0.023419087752699852,0.030855296179652214,0.023419087752699852,0.023419087752699852,0.0636596828699112,0.023419087752699852,0.023419087752699852,0.03061746247112751,0.023419087752699852,0.060312189161777496,0.023419087752699852,0.05531229451298714,0.04090069979429245,0.0636596828699112,0.023419087752699852,0.0636596828699112,0.02556845173239708,0.0636596828699112,0.0636596828699112,0.029833903536200523,0.023419087752699852,0.023419087752699852,0.023419087752699852,0.03359583765268326,0.023419087752699852
2024-06-28,0.023419087752699852,0.023419087752699852,0.023419087752699852,0.023419087752699852,0.023419087752699852,0.030855296179652214,0.023419087752699852,0.023419087752699852,0.0636596828699112,0.023419087752699852,0.023419087752699852,0.03061746247112751,0.023419087752699852,0.060312189161777496,0.023419087752699852,0.05531229451298714,0.04090069979429245,0.0636596828699112,0.023419087752699852,0.0636596828699112,0.02556845173239708,0.0636596828699112,0.0636596828699112,0.029833903536200523,0.023419087752699852,0.023419087752699852,0.023419087752699852,0.03359583765268326,0.023419087752699852
